Carimbo de data/hora,Qual a sua idade?,Qual seu sexo?,Em qual ESTADO você reside?,Em qual CIDADE você reside?,Em qual BAIRRO você reside?,Qual seu grau de ESCOLARIDADE ?,"Desde o início do isolamento, tem saído para algum lugar?","Nesse período de isolamento, tem feito alguma ATIVIDADE FÍSICA?",O que costuma fazer para passar o tempo nesse período?,"Nesse período de isolamento, começou algo novo?",Qual/quais atividade(s) iniciou?,Em relação aos seus hábitos alimentares durante esse período.
11/06/2020 20:32:36,28,FEMININO,RIO DE JANEIRO,Rio de Janeiro ,Irajá ,ENSINO SUPERIOR INCOMPLETO,SOMENTE EM CASOS DE NECESSIDADE (FARMÁCIA/ MERCADO/ HOSPITAL),"SIM, REGULARMENTE","REDES SOCIAIS, ESTUDAR, Assistindo séries e filmes",SIM,"LEITURA, MEDITAÇÃO, Educação financeira ",PERMANECE O MESMO
11/06/2020 20:36:56,31,MASCULINO,RIO DE JANEIRO,Rio de Janeiro,Gloria ,PÓS GRADUAÇÃO,SOMENTE EM CASOS DE NECESSIDADE (FARMÁCIA/ MERCADO/ HOSPITAL),"SIM, ESPORADICAMENTE","REDES SOCIAIS, DORMIR, ESTUDAR",SIM,"LEITURA, MEDITAÇÃO, CURSO",AUMENTEI O CONSUMO DE GULOSEIMAS
11/06/2020 20:38:09,32,MASCULINO,SÃO PAULO,São Paulo,Jardim Analia Franco,ENSINO SUPERIOR INCOMPLETO,SOMENTE EM CASOS DE NECESSIDADE (FARMÁCIA/ MERCADO/ HOSPITAL),"SIM, ESPORADICAMENTE","REDES SOCIAIS, DORMIR",NÃO,,AUMENTEI O CONSUMO DE GULOSEIMAS
11/06/2020 20:38:43,32,MASCULINO,SÃO PAULO,São Paulo,Saúde,ENSINO SUPERIOR INCOMPLETO,SOMENTE EM CASOS DE NECESSIDADE (FARMÁCIA/ MERCADO/ HOSPITAL),NÃO,"REDES SOCIAIS, DORMIR",NÃO,Nenhuma,PERMANECE O MESMO
11/06/2020 20:44:01,32,FEMININO,RIO DE JANEIRO,São Gonçalo ,Colubandê ,ENSINO SUPERIOR COMPLETO,SOMENTE EM CASOS DE NECESSIDADE (FARMÁCIA/ MERCADO/ HOSPITAL),"SIM, ESPORADICAMENTE","REDES SOCIAIS, ESTUDAR",SIM,"CURSO, PROJETO",AUMENTEI O CONSUMO DE GULOSEIMAS
11/06/2020 20:46:38,36,MASCULINO,MINAS GERAIS,Toledo,Jardim Nova Toledo,PÓS GRADUAÇÃO,SOMENTE EM CASOS DE NECESSIDADE (FARMÁCIA/ MERCADO/ HOSPITAL),NÃO,"REDES SOCIAIS, DORMIR, ESTUDAR",SIM,CURSO,PERMANECE O MESMO
11/06/2020 20:48:27,32,MASCULINO,RIO DE JANEIRO,Rio de Janeiro,Jacarepaguá ,PÓS GRADUAÇÃO,SOMENTE EM CASOS DE NECESSIDADE (FARMÁCIA/ MERCADO/ HOSPITAL),"SIM, ESPORADICAMENTE",REDES SOCIAIS,SIM,Instrumentos musicais,PERMANECE O MESMO
11/06/2020 20:49:02,35,MASCULINO,RIO DE JANEIRO,Rio de janeiro,Bangu,ENSINO SUPERIOR COMPLETO,SOMENTE EM CASOS DE NECESSIDADE (FARMÁCIA/ MERCADO/ HOSPITAL),NÃO,Trabalhar,SIM,LEITURA,AUMENTEI O CONSUMO DE GULOSEIMAS
11/06/2020 20:49:28,39,MASCULINO,RIO DE JANEIRO,Rio de Janeiro,Cosmos,ENSINO MÉDIO COMPLETO,"SIM, CONTINUO MINHAS ATIVIDADES NORMAIS",NÃO,Trabalhar,NÃO,,PERMANECE O MESMO
11/06/2020 20:51:29,27,MASCULINO,RIO DE JANEIRO,Rio de Janeiro,Coelho Neto,ENSINO SUPERIOR INCOMPLETO,Somente para o trabalho as vezes (estou de Home Office),NÃO,"REDES SOCIAIS, DORMIR, ESTUDAR, GAMES",SIM,"CURSO, PROJETO",PERMANECE O MESMO
11/06/2020 20:51:54,35,FEMININO,SÃO PAULO,São paulo,Ipiranga,ENSINO SUPERIOR COMPLETO,SOMENTE EM CASOS DE NECESSIDADE (FARMÁCIA/ MERCADO/ HOSPITAL),NÃO,"REDES SOCIAIS, DORMIR",NÃO,,PERMANECE O MESMO
11/06/2020 20:52:27,29,FEMININO,RIO DE JANEIRO,Rio de Janeiro ,Santa Teresa ,ENSINO MÉDIO COMPLETO,Trabalho em laboratório ,NÃO,"REDES SOCIAIS, ESTUDAR",NÃO,MEDITAÇÃO,AUMENTEI O CONSUMO DE GULOSEIMAS
11/06/2020 20:52:45,34,FEMININO,RIO DE JANEIRO,Rio de Janeiro,Todos os Santos,PÓS GRADUAÇÃO,CASA DE AMIGOS e FAMILIARES,NÃO,Trabalhar,SIM,,INICIEI UMA REEDUCAÇÃO ALIMENTAR
11/06/2020 20:53:47,28,MASCULINO,RIO DE JANEIRO,Rio de Janeiro ,Meier,ENSINO SUPERIOR COMPLETO,SOMENTE EM CASOS DE NECESSIDADE (FARMÁCIA/ MERCADO/ HOSPITAL),"SIM, ESPORADICAMENTE","REDES SOCIAIS, DORMIR, ESTUDAR",SIM,"CURSO, PROJETO",AUMENTEI O CONSUMO DE GULOSEIMAS
11/06/2020 20:55:03,32,MASCULINO,RIO DE JANEIRO,Rio de janeiro,Recreio,PÓS GRADUAÇÃO,CASA DE AMIGOS e FAMILIARES,NÃO,"REDES SOCIAIS, ESTUDAR, Leitura",SIM,LEITURA,PERMANECE O MESMO
11/06/2020 20:56:40,32,MASCULINO,RIO DE JANEIRO,São Gonçalo,Parada 40,ENSINO MÉDIO COMPLETO,"SIM, CONTINUO MINHAS ATIVIDADES NORMAIS",NÃO,REDES SOCIAIS,NÃO,,PERMANECE O MESMO
11/06/2020 20:58:02,31,FEMININO,RIO DE JANEIRO,rio de janeiro,meier,ENSINO SUPERIOR INCOMPLETO,trabalho,NÃO,"REDES SOCIAIS, DORMIR, ESTUDAR",NÃO,,PERMANECE O MESMO
11/06/2020 20:59:05,35,MASCULINO,RIO DE JANEIRO,Rio de Janeiro,Penha,ENSINO SUPERIOR COMPLETO,SOMENTE EM CASOS DE NECESSIDADE (FARMÁCIA/ MERCADO/ HOSPITAL),NÃO,REDES SOCIAIS,NÃO,,PERMANECE O MESMO
11/06/2020 20:59:55,28,MASCULINO,RIO DE JANEIRO,Rio de Janeiro,Ricardo de Albuquerque,PÓS GRADUAÇÃO,SOMENTE EM CASOS DE NECESSIDADE (FARMÁCIA/ MERCADO/ HOSPITAL),NÃO,"REDES SOCIAIS, trabalho Home",NÃO,,AUMENTEI O CONSUMO DE GULOSEIMAS
11/06/2020 21:00:48,26,FEMININO,SÃO PAULO,Santo André ,Jardim Jamaica ,ENSINO SUPERIOR COMPLETO,SOMENTE EM CASOS DE NECESSIDADE (FARMÁCIA/ MERCADO/ HOSPITAL),NÃO,"REDES SOCIAIS, DORMIR, ESTUDAR, Ler ",SIM,"MEDITAÇÃO, CURSO, PROJETO",PERMANECE O MESMO
11/06/2020 21:06:14,28,FEMININO,RIO DE JANEIRO,São joão de meriti,Vilar dos teles,ENSINO MÉDIO COMPLETO,CASA DE AMIGOS e FAMILIARES,NÃO,REDES SOCIAIS,NÃO,CURSO,PERMANECE O MESMO
11/06/2020 21:09:39,40,FEMININO,RIO DE JANEIRO,Mesquita,Vila Emil,ENSINO MÉDIO COMPLETO,SOMENTE EM CASOS DE NECESSIDADE (FARMÁCIA/ MERCADO/ HOSPITAL),"SIM, REGULARMENTE",Ponto cruz,NÃO,,PERMANECE O MESMO
11/06/2020 21:10:33,47,FEMININO,RIO DE JANEIRO,Rio de Janeiro , Cosmos ,ENSINO SUPERIOR COMPLETO,"NÃO, SÓ FICO EM CASA E NÃO SAIO PARA NADA","SIM, ESPORADICAMENTE",Trabalhar ,NÃO,Trabalho e pintura ,PERMANECE O MESMO
11/06/2020 21:16:03,38,MASCULINO,RIO DE JANEIRO,RJ,Tijuca,PÓS GRADUAÇÃO,Trabalho com serviço essencial,NÃO,"REDES SOCIAIS, DORMIR, ESTUDAR, GAMES",NÃO,"LEITURA, CURSO",AUMENTEI O CONSUMO DE GULOSEIMAS
11/06/2020 21:17:01,35,FEMININO,RIO DE JANEIRO,Rio de Janeiro ,Centro,PÓS GRADUAÇÃO,SOMENTE EM CASOS DE NECESSIDADE (FARMÁCIA/ MERCADO/ HOSPITAL),NÃO,"REDES SOCIAIS, DORMIR, GAMES, Tv, ler, meditar",SIM,MEDITAÇÃO,PERMANECE O MESMO
11/06/2020 21:17:16,46,FEMININO,BAHIA,Salvador ,Stella Maris ,ENSINO SUPERIOR COMPLETO,SOMENTE EM CASOS DE NECESSIDADE (FARMÁCIA/ MERCADO/ HOSPITAL),"SIM, ESPORADICAMENTE","REDES SOCIAIS, DORMIR, Ler, ver filmes,  ver lives",NÃO,"LEITURA, MEDITAÇÃO",PERMANECE O MESMO
11/06/2020 21:17:33,42,MASCULINO,PARANÁ,Curitiba,Boqueirão,PÓS GRADUAÇÃO,SOMENTE EM CASOS DE NECESSIDADE (FARMÁCIA/ MERCADO/ HOSPITAL),"SIM, ESPORADICAMENTE",REDES SOCIAIS,SIM,CURSO,AUMENTEI O CONSUMO DE GULOSEIMAS
11/06/2020 21:18:55,34,FEMININO,RIO DE JANEIRO,Rio De Janeiro ,Del Castilho ,ENSINO SUPERIOR COMPLETO,SOMENTE EM CASOS DE NECESSIDADE (FARMÁCIA/ MERCADO/ HOSPITAL),"SIM, REGULARMENTE","REDES SOCIAIS, ESTUDAR",SIM,"LEITURA, MEDITAÇÃO, CURSO",Diminuiu 
11/06/2020 21:19:00,34,FEMININO,RIO DE JANEIRO,Rio de Janeiro,Tijuca,PÓS GRADUAÇÃO,SOMENTE EM CASOS DE NECESSIDADE (FARMÁCIA/ MERCADO/ HOSPITAL),NÃO,"REDES SOCIAIS, Livros, séries",SIM,LEITURA,PERMANECE O MESMO
11/06/2020 21:19:04,31,MASCULINO,RIO DE JANEIRO,Rio,Engenho novo,ENSINO MÉDIO COMPLETO,CASA DE AMIGOS e FAMILIARES,NÃO,REDES SOCIAIS,NÃO,,PERMANECE O MESMO
11/06/2020 21:19:16,60,MASCULINO,RIO DE JANEIRO,Rio de janeiro,Tijuca,ENSINO MÉDIO COMPLETO,SOMENTE EM CASOS DE NECESSIDADE (FARMÁCIA/ MERCADO/ HOSPITAL),"SIM, REGULARMENTE",REDES SOCIAIS,NÃO,,PERMANECE O MESMO
11/06/2020 21:23:30,60,FEMININO,MATO GROSSO,Cuiabá ,Coophema ,ENSINO SUPERIOR INCOMPLETO,SOMENTE EM CASOS DE NECESSIDADE (FARMÁCIA/ MERCADO/ HOSPITAL),"SIM, REGULARMENTE",REDES SOCIAIS,NÃO,,INICIEI UMA REEDUCAÇÃO ALIMENTAR
11/06/2020 21:27:47,29,FEMININO,RIO DE JANEIRO,Itaboraí,Ampliação,ENSINO SUPERIOR COMPLETO,SOMENTE EM CASOS DE NECESSIDADE (FARMÁCIA/ MERCADO/ HOSPITAL),"SIM, ESPORADICAMENTE",Trabalhar.  Orar. Ver série,NÃO,,PERMANECE O MESMO
11/06/2020 21:29:00,30,MASCULINO,MINAS GERAIS,Além Paraíba ,Angustura,ENSINO SUPERIOR COMPLETO,"SIM, CONTINUO MINHAS ATIVIDADES NORMAIS",NÃO,REDES SOCIAIS,NÃO,,PERMANECE O MESMO
11/06/2020 21:30:26,32,FEMININO,RIO DE JANEIRO,Rio de Janeiro ,Freguesia,PÓS GRADUAÇÃO,"NÃO, SÓ FICO EM CASA E NÃO SAIO PARA NADA",NÃO,Dando aula on-line ,SIM,MEDITAÇÃO,AUMENTEI O CONSUMO DE GULOSEIMAS
11/06/2020 21:32:22,41,MASCULINO,RIO DE JANEIRO,Itaboraí,Ampliação,ENSINO MÉDIO COMPLETO,SOMENTE EM CASOS DE NECESSIDADE (FARMÁCIA/ MERCADO/ HOSPITAL),"SIM, REGULARMENTE",REDES SOCIAIS,NÃO,LEITURA,AUMENTEI O CONSUMO DE GULOSEIMAS
11/06/2020 21:33:07,32,MASCULINO,RIO DE JANEIRO,Rio de janeiro,Tijuca,ENSINO SUPERIOR COMPLETO,SOMENTE EM CASOS DE NECESSIDADE (FARMÁCIA/ MERCADO/ HOSPITAL),NÃO,"REDES SOCIAIS, DORMIR, ESTUDAR, GAMES",SIM,"LEITURA, CURSO",AUMENTEI O CONSUMO DE GULOSEIMAS
11/06/2020 21:42:59,32,FEMININO,RIO DE JANEIRO,Rio de Janeiro ,Santa Teresa,PÓS GRADUAÇÃO,SOMENTE EM CASOS DE NECESSIDADE (FARMÁCIA/ MERCADO/ HOSPITAL),"SIM, ESPORADICAMENTE",ESTUDAR,SIM,Exercícios ,AUMENTEI O CONSUMO DE GULOSEIMAS
11/06/2020 21:43:13,44,MASCULINO,RIO DE JANEIRO,Nireroi,Santa Rosa,ENSINO SUPERIOR COMPLETO,SOMENTE EM CASOS DE NECESSIDADE (FARMÁCIA/ MERCADO/ HOSPITAL),NÃO,Todos acima,SIM,PROJETO,AUMENTEI O CONSUMO DE GULOSEIMAS
11/06/2020 21:44:39,28,MASCULINO,RIO DE JANEIRO,Rio de janeiro,Tijuca,ENSINO SUPERIOR COMPLETO,SOMENTE EM CASOS DE NECESSIDADE (FARMÁCIA/ MERCADO/ HOSPITAL),NÃO,"REDES SOCIAIS, DORMIR, ESTUDAR, GAMES",SIM,"LEITURA, CURSO, PROJETO",AUMENTEI O CONSUMO DE GULOSEIMAS
11/06/2020 21:44:47,28,MASCULINO,RIO DE JANEIRO,Rio de janeiro,Tijuca,ENSINO SUPERIOR COMPLETO,SOMENTE EM CASOS DE NECESSIDADE (FARMÁCIA/ MERCADO/ HOSPITAL),NÃO,"REDES SOCIAIS, DORMIR, ESTUDAR, GAMES",SIM,"LEITURA, CURSO, PROJETO",AUMENTEI O CONSUMO DE GULOSEIMAS
11/06/2020 21:45:24,32,MASCULINO,RIO DE JANEIRO,São Gonçalo,Colubandê,ENSINO SUPERIOR COMPLETO,SOMENTE EM CASOS DE NECESSIDADE (FARMÁCIA/ MERCADO/ HOSPITAL),"SIM, ESPORADICAMENTE","GAMES, Cursos, Leitura",SIM,"MEDITAÇÃO, CURSO, PROJETO",AUMENTEI O CONSUMO DE GULOSEIMAS
11/06/2020 21:53:51,32,FEMININO,RIO DE JANEIRO,Rio de Janeiro,Centro,ENSINO SUPERIOR COMPLETO,SOMENTE EM CASOS DE NECESSIDADE (FARMÁCIA/ MERCADO/ HOSPITAL),NÃO,"REDES SOCIAIS, GAMES, Trabalhar e hobbies",SIM,PROJETO,AUMENTEI O CONSUMO DE GULOSEIMAS
11/06/2020 21:55:51,24,FEMININO,RIO DE JANEIRO,Rio de Janeiro,Bangu,ENSINO SUPERIOR INCOMPLETO,SOMENTE EM CASOS DE NECESSIDADE (FARMÁCIA/ MERCADO/ HOSPITAL),"SIM, ESPORADICAMENTE",REDES SOCIAIS,SIM,PROJETO,PERMANECE O MESMO
11/06/2020 21:58:27,34,MASCULINO,RIO DE JANEIRO,Rio de janeiro,Bento Ribeiro,ENSINO SUPERIOR COMPLETO,CASA DE AMIGOS e FAMILIARES,"SIM, ESPORADICAMENTE","REDES SOCIAIS, GAMES",SIM,PROJETO,AUMENTEI O CONSUMO DE GULOSEIMAS
11/06/2020 22:04:56,35,MASCULINO,RIO DE JANEIRO,Rj,Praça seca,ENSINO FUNDAMENTAL COMPLETO,"SIM, CONTINUO MINHAS ATIVIDADES NORMAIS",NÃO,REDES SOCIAIS,NÃO,PROJETO,AUMENTEI O CONSUMO DE GULOSEIMAS
11/06/2020 22:25:17,38,FEMININO,PARANÁ,Curitiba,Boqueirão,ENSINO SUPERIOR INCOMPLETO,SOMENTE EM CASOS DE NECESSIDADE (FARMÁCIA/ MERCADO/ HOSPITAL),NÃO,DORMIR,NÃO,,AUMENTEI O CONSUMO DE GULOSEIMAS
11/06/2020 22:27:32,35,MASCULINO,RIO DE JANEIRO,Barra Mansa,Centro,PÓS GRADUAÇÃO,SOMENTE EM CASOS DE NECESSIDADE (FARMÁCIA/ MERCADO/ HOSPITAL),NÃO,"ESTUDAR, GAMES, Trabalho Home Office",SIM,"CURSO, PROJETO",INICIEI UMA REEDUCAÇÃO ALIMENTAR
11/06/2020 22:31:58,24,MASCULINO,RIO DE JANEIRO,Rio de Janeiro,Freguesia JPA,ENSINO SUPERIOR COMPLETO,SOMENTE EM CASOS DE NECESSIDADE (FARMÁCIA/ MERCADO/ HOSPITAL),"SIM, ESPORADICAMENTE","REDES SOCIAIS, DORMIR, ESTUDAR, GAMES",SIM,Escrita,PERMANECE O MESMO
11/06/2020 22:39:35,37,MASCULINO,MATO GROSSO,Cuiabá ,Jd. Vitória ,ENSINO SUPERIOR INCOMPLETO,CASA DE AMIGOS e FAMILIARES,NÃO,ESTUDAR,SIM,LEITURA,PERMANECE O MESMO
11/06/2020 23:17:00,32,FEMININO,RIO DE JANEIRO,Rio de Janeiro,Centro,ENSINO SUPERIOR COMPLETO,"NÃO, SÓ FICO EM CASA E NÃO SAIO PARA NADA",NÃO,"REDES SOCIAIS, Plataformas de Streaming ",SIM,CURSO,PERMANECE O MESMO
11/06/2020 23:19:06,53,MASCULINO,RIO DE JANEIRO,Rio de Janeiro ,Bonsucesso ,ENSINO SUPERIOR INCOMPLETO,SOMENTE EM CASOS DE NECESSIDADE (FARMÁCIA/ MERCADO/ HOSPITAL),"SIM, ESPORADICAMENTE",Ajudando nos afazeres de casa ,NÃO,LEITURA,AUMENTEI O CONSUMO DE GULOSEIMAS
11/06/2020 23:40:10,41,MASCULINO,SÃO PAULO,Paulínia,Cooperlotes,PÓS GRADUAÇÃO,"Trabalho em outra cidade, 6 vezes na semana",NÃO,"ESTUDAR, Trabalho",SIM,CURSO,PERMANECE O MESMO
12/06/2020 00:08:37,37,MASCULINO,RIO DE JANEIRO,Rio de Janeiro ,Grajaú ,ENSINO SUPERIOR COMPLETO,SOMENTE EM CASOS DE NECESSIDADE (FARMÁCIA/ MERCADO/ HOSPITAL),NÃO,"REDES SOCIAIS, TV e séries ",SIM,PROJETO,PERMANECE O MESMO
12/06/2020 00:09:32,27,MASCULINO,RIO DE JANEIRO,Rio de janeiro,Vista Alegre,PÓS GRADUAÇÃO,SOMENTE EM CASOS DE NECESSIDADE (FARMÁCIA/ MERCADO/ HOSPITAL),NÃO,Programar,SIM,"CURSO, PROJETO",PERMANECE O MESMO
12/06/2020 02:00:12,29,MASCULINO,RIO DE JANEIRO,Rio de Janeiro,Jacarepaguá,ENSINO SUPERIOR COMPLETO,CASA DE AMIGOS e FAMILIARES,"SIM, ESPORADICAMENTE","REDES SOCIAIS, DORMIR",NÃO,,AUMENTEI O CONSUMO DE GULOSEIMAS
12/06/2020 07:17:18,38,MASCULINO,RIO DE JANEIRO,RJ,Tijuca,PÓS GRADUAÇÃO,Trabalho com serviço essencial,NÃO,"REDES SOCIAIS, DORMIR, ESTUDAR, GAMES",NÃO,"LEITURA, CURSO",AUMENTEI O CONSUMO DE GULOSEIMAS
12/06/2020 08:57:59,37,FEMININO,RIO DE JANEIRO,Rio de janeiro,Bonsucesso,ENSINO MÉDIO COMPLETO,SOMENTE EM CASOS DE NECESSIDADE (FARMÁCIA/ MERCADO/ HOSPITAL),"SIM, ESPORADICAMENTE","DORMIR, GAMES, Filmes ",SIM,"CURSO, PROJETO",AUMENTEI O CONSUMO DE GULOSEIMAS
12/06/2020 09:05:58,40,MASCULINO,RIO DE JANEIRO,Mesquita,Presidente Juscelino Kubitschek,ENSINO SUPERIOR COMPLETO,SOMENTE EM CASOS DE NECESSIDADE (FARMÁCIA/ MERCADO/ HOSPITAL),"SIM, REGULARMENTE","ESTUDAR, GAMES, Ler, exercícios, trabalho",SIM,"LEITURA, CURSO, PROJETO",PERMANECE O MESMO
12/06/2020 09:08:47,25,FEMININO,MATO GROSSO,Cuiabá,Jd Vitoria,ENSINO MÉDIO COMPLETO,SOMENTE EM CASOS DE NECESSIDADE (FARMÁCIA/ MERCADO/ HOSPITAL),NÃO,"REDES SOCIAIS, ESTUDAR",SIM,"CURSO, PROJETO",PERMANECE O MESMO
12/06/2020 09:21:12,31,MASCULINO,RIO DE JANEIRO,Nova Iguaçu ,Metrópole ,ENSINO SUPERIOR COMPLETO,SOMENTE EM CASOS DE NECESSIDADE (FARMÁCIA/ MERCADO/ HOSPITAL),NÃO,Filmes e seriados.,SIM,PROJETO,AUMENTEI O CONSUMO DE GULOSEIMAS
12/06/2020 09:43:40,29,MASCULINO,RIO DE JANEIRO,Rio de Janeiro,Centro,ENSINO MÉDIO COMPLETO,SOMENTE EM CASOS DE NECESSIDADE (FARMÁCIA/ MERCADO/ HOSPITAL),"SIM, ESPORADICAMENTE","REDES SOCIAIS, ESTUDAR",SIM,"LEITURA, CURSO",PERMANECE O MESMO
12/06/2020 09:52:36,30,MASCULINO,RIO DE JANEIRO,Belford Roxo,Nova Piam,PÓS GRADUAÇÃO,CASA DE AMIGOS e FAMILIARES,"SIM, REGULARMENTE","Música, Exercícios Físicos, Cozinhar",SIM,PROJETO,PERMANECE O MESMO
12/06/2020 09:55:39,25,MASCULINO,RIO DE JANEIRO,Rio de Janeiro,Pavuna,ENSINO SUPERIOR INCOMPLETO,"NÃO, SÓ FICO EM CASA E NÃO SAIO PARA NADA",NÃO,"REDES SOCIAIS, DORMIR, ESTUDAR, GAMES",SIM,PROJETO,AUMENTEI O CONSUMO DE GULOSEIMAS
12/06/2020 10:17:18,37,MASCULINO,RIO DE JANEIRO,RIO DE JANEIRO,ROCHA,ENSINO SUPERIOR COMPLETO,"SIM, CONTINUO MINHAS ATIVIDADES NORMAIS","SIM, ESPORADICAMENTE","REDES SOCIAIS, TRABALHO E FILMES",NÃO,,PERMANECE O MESMO
12/06/2020 10:19:16,32,MASCULINO,RIO DE JANEIRO,Rio de Janeiro,Tijuca,ENSINO SUPERIOR COMPLETO,SOMENTE EM CASOS DE NECESSIDADE (FARMÁCIA/ MERCADO/ HOSPITAL),NÃO,"REDES SOCIAIS, DORMIR, ESTUDAR, GAMES",SIM,PROJETO,INICIEI UMA REEDUCAÇÃO ALIMENTAR
12/06/2020 10:22:42,25,FEMININO,RIO DE JANEIRO,Rio de Janeiro,Jacarepaguá,ENSINO SUPERIOR INCOMPLETO,"Area da saude, trabalhando normalmente.",NÃO,"Não estou ""sentindo"" a quarentena da mesma forma que todo mundo, sigo trabalhando normalmente.",NÃO,,PERMANECE O MESMO
12/06/2020 10:28:29,31,MASCULINO,RIO DE JANEIRO,Rio de Janeiro,Tijuca,ENSINO SUPERIOR INCOMPLETO,SOMENTE EM CASOS DE NECESSIDADE (FARMÁCIA/ MERCADO/ HOSPITAL),"SIM, REGULARMENTE","REDES SOCIAIS, ESTUDAR, Ler, tocar algum instrumento musical e vejo filmes.",SIM,"LEITURA, PROJETO, Resolvi aprender um novo instrumento musical.",PERMANECE O MESMO
12/06/2020 10:29:11,32,FEMININO,RIO DE JANEIRO,Rio de Janeiro,Bento Ribeiro ,ENSINO SUPERIOR COMPLETO,So saio paraTrabalho,NÃO,"REDES SOCIAIS, DORMIR, ESTUDAR",NÃO,CURSO,PERMANECE O MESMO
12/06/2020 10:31:39,33,MASCULINO,RIO DE JANEIRO,Rii de janeiro ,São Cristóvão,ENSINO SUPERIOR COMPLETO,Necessidade e atividades físicas ,"SIM, REGULARMENTE","REDES SOCIAIS, DORMIR, ESTUDAR",SIM,"CURSO, PROJETO",PERMANECE O MESMO
12/06/2020 10:32:22,33,MASCULINO,RIO DE JANEIRO,Itaborai ,Ampliação ,ENSINO SUPERIOR INCOMPLETO,CASA DE AMIGOS e FAMILIARES,"SIM, REGULARMENTE","REDES SOCIAIS, DORMIR, ESTUDAR, GAMES",SIM,PROJETO,INICIEI UMA REEDUCAÇÃO ALIMENTAR
12/06/2020 10:34:18,31,FEMININO,RIO DE JANEIRO,Itaboraí,Nova cidade ,ENSINO TÉCNICO,"SIM, CONTINUO MINHAS ATIVIDADES NORMAIS",NÃO,"REDES SOCIAIS, ESTUDAR",SIM,PROJETO,AUMENTEI O CONSUMO DE GULOSEIMAS
12/06/2020 10:40:39,26,FEMININO,RIO DE JANEIRO,Rio de Janeiro,Vila da Penha,ENSINO SUPERIOR INCOMPLETO,SOMENTE EM CASOS DE NECESSIDADE (FARMÁCIA/ MERCADO/ HOSPITAL),NÃO,REDES SOCIAIS,NÃO,,AUMENTEI O CONSUMO DE GULOSEIMAS
12/06/2020 10:59:37,36,MASCULINO,RIO DE JANEIRO,Rio de janeiro,Copacabana,ENSINO SUPERIOR COMPLETO,SOMENTE EM CASOS DE NECESSIDADE (FARMÁCIA/ MERCADO/ HOSPITAL),"SIM, ESPORADICAMENTE",ESTUDAR,SIM,CURSO,INICIEI UMA REEDUCAÇÃO ALIMENTAR
12/06/2020 11:06:01,55,FEMININO,RIO DE JANEIRO,Rio de janeiro,Grajaú,ENSINO SUPERIOR COMPLETO,SOMENTE EM CASOS DE NECESSIDADE (FARMÁCIA/ MERCADO/ HOSPITAL),NÃO,Trabalhando em home office,NÃO,,PERMANECE O MESMO
12/06/2020 11:12:59,31,FEMININO,RIO DE JANEIRO,Rio de Janeiro,Centro,PÓS GRADUAÇÃO,"NÃO, SÓ FICO EM CASA E NÃO SAIO PARA NADA","SIM, ESPORADICAMENTE","REDES SOCIAIS, DORMIR, Ler livros, ver series/filmes, cozinhar",SIM,Cozinhar,AUMENTEI O CONSUMO DE GULOSEIMAS
12/06/2020 11:27:42,27,FEMININO,RIO DE JANEIRO,Rio de Janeiro,Centro,ENSINO SUPERIOR COMPLETO,SOMENTE EM CASOS DE NECESSIDADE (FARMÁCIA/ MERCADO/ HOSPITAL),"SIM, REGULARMENTE","REDES SOCIAIS, DORMIR, Home Office",SIM,Tratamento capilar,AUMENTEI O CONSUMO DE GULOSEIMAS
12/06/2020 11:41:39,31,MASCULINO,RIO DE JANEIRO,Rio de Janeiro ,Copacabana ,PÓS GRADUAÇÃO,SOMENTE EM CASOS DE NECESSIDADE (FARMÁCIA/ MERCADO/ HOSPITAL),"SIM, REGULARMENTE",Todos os itens acima e reuniões de trabalho ,SIM,Todos os itens,PERMANECE O MESMO
12/06/2020 12:15:10,39,MASCULINO,RIO DE JANEIRO,Rio de Janeiro,Catete,ENSINO SUPERIOR COMPLETO,SOMENTE EM CASOS DE NECESSIDADE (FARMÁCIA/ MERCADO/ HOSPITAL),"SIM, ESPORADICAMENTE","ESTUDAR, Trabalhar",SIM,"CURSO, PROJETO",AUMENTEI O CONSUMO DE GULOSEIMAS
12/06/2020 13:20:45,29,MASCULINO,RIO DE JANEIRO,Nova Iguaçu,Centro,ENSINO SUPERIOR INCOMPLETO,"NÃO, SÓ FICO EM CASA E NÃO SAIO PARA NADA",NÃO,"REDES SOCIAIS, DORMIR, ESTUDAR, GAMES",NÃO,,PERMANECE O MESMO
12/06/2020 14:45:41,34,FEMININO,RIO DE JANEIRO,Nova Iguaçu ,Austin,ENSINO SUPERIOR COMPLETO,"NÃO, SÓ FICO EM CASA E NÃO SAIO PARA NADA",NÃO,"REDES SOCIAIS, DORMIR, ESTUDAR",NÃO,,PERMANECE O MESMO
12/06/2020 15:18:30,33,MASCULINO,CEARÁ,Fortaleza ,Pici,ENSINO SUPERIOR INCOMPLETO,"SIM, CONTINUO MINHAS ATIVIDADES NORMAIS",NÃO,Trabalhar,SIM,LEITURA,AUMENTEI O CONSUMO DE GULOSEIMAS
12/06/2020 16:08:35,33,FEMININO,RIO DE JANEIRO,Niterói,Fonseca,ENSINO SUPERIOR COMPLETO,SOMENTE EM CASOS DE NECESSIDADE (FARMÁCIA/ MERCADO/ HOSPITAL),"SIM, ESPORADICAMENTE",Assistir TV,SIM,CURSO,INICIEI UMA REEDUCAÇÃO ALIMENTAR
12/06/2020 17:04:40,36,MASCULINO,RIO DE JANEIRO,Rio de Janeiro ,Cachambi ,ENSINO SUPERIOR COMPLETO,SOMENTE EM CASOS DE NECESSIDADE (FARMÁCIA/ MERCADO/ HOSPITAL),"SIM, ESPORADICAMENTE",Pipa,NÃO,CURSO,AUMENTEI O CONSUMO DE GULOSEIMAS
12/06/2020 17:47:46,30,MASCULINO,RIO DE JANEIRO,Rio de Janeiro,Jardim América,PÓS GRADUAÇÃO,SOMENTE EM CASOS DE NECESSIDADE (FARMÁCIA/ MERCADO/ HOSPITAL),NÃO,"REDES SOCIAIS, DORMIR, ESTUDAR, GAMES, Trabalho",SIM,CURSO,INICIEI UMA REEDUCAÇÃO ALIMENTAR
12/06/2020 17:48:26,31,FEMININO,RIO DE JANEIRO,Rio de Janeiro,Vila Isabel,ENSINO SUPERIOR COMPLETO,SOMENTE EM CASOS DE NECESSIDADE (FARMÁCIA/ MERCADO/ HOSPITAL),"SIM, ESPORADICAMENTE","REDES SOCIAIS, DORMIR, Séries",NÃO,,INICIEI UMA REEDUCAÇÃO ALIMENTAR
12/06/2020 17:54:50,32,MASCULINO,RIO DE JANEIRO,Niterói,Centro,ENSINO SUPERIOR INCOMPLETO,SOMENTE EM CASOS DE NECESSIDADE (FARMÁCIA/ MERCADO/ HOSPITAL),"SIM, ESPORADICAMENTE","DORMIR, ESTUDAR, GAMES, Trabalho",SIM,Exercício em casa,AUMENTEI O CONSUMO DE GULOSEIMAS
12/06/2020 19:38:42,32,FEMININO,RIO DE JANEIRO,Rio de Janeiro ,Centro ,ENSINO SUPERIOR COMPLETO,SOMENTE EM CASOS DE NECESSIDADE (FARMÁCIA/ MERCADO/ HOSPITAL),"SIM, ESPORADICAMENTE",Trabalhar ,SIM,PROJETO,INICIEI UMA REEDUCAÇÃO ALIMENTAR
12/06/2020 21:21:17,31,FEMININO,RIO DE JANEIRO,Niterói,Piratininga,PÓS GRADUAÇÃO,"Trabalho, delivery",NÃO,Trabalho,SIM,,PERMANECE O MESMO
12/06/2020 22:43:36,32,MASCULINO,RIO DE JANEIRO,Rio de janeiro,Tijuca,ENSINO SUPERIOR COMPLETO,SOMENTE EM CASOS DE NECESSIDADE (FARMÁCIA/ MERCADO/ HOSPITAL),NÃO,"REDES SOCIAIS, DORMIR, ESTUDAR, GAMES",SIM,"LEITURA, CURSO",AUMENTEI O CONSUMO DE GULOSEIMAS
13/06/2020 09:35:28,38,MASCULINO,MINAS GERAIS,Belo Horizonte ,Jardim Leblon ,PÓS GRADUAÇÃO,CASA DE AMIGOS e FAMILIARES,NÃO,Trabalhando ,NÃO,,PERMANECE O MESMO
13/06/2020 09:51:28,36,FEMININO,RIO DE JANEIRO,Niterói,Centro,ENSINO SUPERIOR COMPLETO,SOMENTE EM CASOS DE NECESSIDADE (FARMÁCIA/ MERCADO/ HOSPITAL),NÃO,"REDES SOCIAIS, DORMIR, ESTUDAR",NÃO,,AUMENTEI O CONSUMO DE GULOSEIMAS
13/06/2020 11:44:01,36,FEMININO,MINAS GERAIS, Belo Horizonte,Bonsucesso,ENSINO SUPERIOR COMPLETO,CASA DE AMIGOS e FAMILIARES,"SIM, ESPORADICAMENTE",Cuidar da casa e dos estudos dos filhos,NÃO,,PERMANECE O MESMO
13/06/2020 12:08:30,48,FEMININO,RIO DE JANEIRO,Rio de janeiro,Tijuca,ENSINO MÉDIO COMPLETO,SOMENTE EM CASOS DE NECESSIDADE (FARMÁCIA/ MERCADO/ HOSPITAL),NÃO,Organizar as coisas,NÃO,,PERMANECE O MESMO
13/06/2020 12:24:15,37,MASCULINO,SÃO PAULO,São Paulo ,Jd Jaraguá ,ENSINO SUPERIOR COMPLETO,SOMENTE EM CASOS DE NECESSIDADE (FARMÁCIA/ MERCADO/ HOSPITAL),NÃO,"ESTUDAR, GAMES, Plataformas de Streaming",SIM,CURSO,AUMENTEI O CONSUMO DE GULOSEIMAS
13/06/2020 13:04:27,33,MASCULINO,MINAS GERAIS,Mateus Leme,Jardim das mangabeiras,ENSINO MÉDIO COMPLETO,Trabalho e nescecidades,NÃO,"REDES SOCIAIS, Trabalho",SIM,PROJETO,PERMANECE O MESMO
13/06/2020 14:52:54,37,MASCULINO,RIO DE JANEIRO,Rio de Janeiro ,Centro,ENSINO SUPERIOR INCOMPLETO,SOMENTE EM CASOS DE NECESSIDADE (FARMÁCIA/ MERCADO/ HOSPITAL),NÃO,"REDES SOCIAIS, DORMIR, ESTUDAR, GAMES",SIM,"MEDITAÇÃO, CURSO",INICIEI UMA REEDUCAÇÃO ALIMENTAR
14/06/2020 09:14:12,34,FEMININO,RIO DE JANEIRO,Rio de Janeiro,Todos os Santos,PÓS GRADUAÇÃO,CASA DE AMIGOS e FAMILIARES,NÃO,Trabalhar,SIM,,INICIEI UMA REEDUCAÇÃO ALIMENTAR
14/06/2020 14:26:29,32,FEMININO,RIO DE JANEIRO,Rio de janeiro,Flamengo,ENSINO SUPERIOR COMPLETO,SOMENTE EM CASOS DE NECESSIDADE (FARMÁCIA/ MERCADO/ HOSPITAL),"SIM, REGULARMENTE",Ler,SIM,Yoga,AUMENTEI O CONSUMO DE GULOSEIMAS
14/06/2020 19:07:04,40,MASCULINO,RIO DE JANEIRO,Magé ,Suruí ,ENSINO SUPERIOR INCOMPLETO,SOMENTE EM CASOS DE NECESSIDADE (FARMÁCIA/ MERCADO/ HOSPITAL),NÃO,ESTUDAR,SIM,"CURSO, PROJETO",PERMANECE O MESMO
14/06/2020 19:34:13,41,MASCULINO,RIO DE JANEIRO,Rio de Janeiro ,Pechincha,ENSINO SUPERIOR INCOMPLETO,SOMENTE EM CASOS DE NECESSIDADE (FARMÁCIA/ MERCADO/ HOSPITAL),"SIM, ESPORADICAMENTE","REDES SOCIAIS, ESTUDAR",SIM,"LEITURA, CURSO",PERMANECE O MESMO
14/06/2020 21:10:50,37,FEMININO,RIO DE JANEIRO,Itaboraí ,Outeiro das pedras ,ENSINO SUPERIOR COMPLETO,Casa de familiares e trilha com amigos de vez em qd! ,"SIM, ESPORADICAMENTE","REDES SOCIAIS, DORMIR, Trabalhar, comecei a plantar tb",SIM,Comecei a plantar ,AUMENTEI O CONSUMO DE GULOSEIMAS
15/06/2020 11:09:36,42,MASCULINO,RIO DE JANEIRO,Rio de Janeiro,Recreio dos Bandeirantes,ENSINO SUPERIOR INCOMPLETO,SOMENTE EM CASOS DE NECESSIDADE (FARMÁCIA/ MERCADO/ HOSPITAL),"SIM, ESPORADICAMENTE","REDES SOCIAIS, DORMIR, ESTUDAR, GAMES, Leitura",SIM,"LEITURA, CURSO, Composição de músicas",INICIEI UMA REEDUCAÇÃO ALIMENTAR
15/06/2020 15:56:08,33,MASCULINO,RIO DE JANEIRO,Rio de Janeiro,Penha,ENSINO SUPERIOR INCOMPLETO,"SIM, CONTINUO MINHAS ATIVIDADES NORMAIS",NÃO,Trabalho todos os dias normalmente,NÃO,,PERMANECE O MESMO
16/06/2020 14:15:13,23,FEMININO,RIO DE JANEIRO,Rio de Janeiro,Barra da Tijuca,ENSINO SUPERIOR INCOMPLETO,SOMENTE EM CASOS DE NECESSIDADE (FARMÁCIA/ MERCADO/ HOSPITAL),"SIM, ESPORADICAMENTE","REDES SOCIAIS, DORMIR, ESTUDAR",SIM,CURSO,INICIEI UMA REEDUCAÇÃO ALIMENTAR
18/06/2020 21:44:53,28,MASCULINO,RIO DE JANEIRO,Rio de Janeiro ,Realengo ,PÓS GRADUAÇÃO,SOMENTE EM CASOS DE NECESSIDADE (FARMÁCIA/ MERCADO/ HOSPITAL),"SIM, ESPORADICAMENTE","REDES SOCIAIS, DORMIR, ESTUDAR, GAMES",SIM,"LEITURA, CURSO, PROJETO",AUMENTEI O CONSUMO DE GULOSEIMAS
19/06/2020 12:29:43,28,MASCULINO,RIO DE JANEIRO,Rio de Janeiro ,Realengo ,PÓS GRADUAÇÃO,SOMENTE EM CASOS DE NECESSIDADE (FARMÁCIA/ MERCADO/ HOSPITAL),"SIM, ESPORADICAMENTE","REDES SOCIAIS, DORMIR, ESTUDAR, GAMES",SIM,"LEITURA, CURSO, PROJETO",AUMENTEI O CONSUMO DE GULOSEIMAS
20/06/2020 09:08:15,34,FEMININO,RIO DE JANEIRO,Rio de Janeiro,Tijuca,PÓS GRADUAÇÃO,SOMENTE EM CASOS DE NECESSIDADE (FARMÁCIA/ MERCADO/ HOSPITAL),NÃO,"REDES SOCIAIS, Livros, séries",SIM,LEITURA,PERMANECE O MESMO
27/06/2020 19:39:25,32,MASCULINO,RIO DE JANEIRO,RIO DE JANEIRO,irajá,ENSINO SUPERIOR COMPLETO,SOMENTE EM CASOS DE NECESSIDADE (FARMÁCIA/ MERCADO/ HOSPITAL),"SIM, ESPORADICAMENTE","ESTUDAR, serie",SIM,"MEDITAÇÃO, CURSO, PROJETO",INICIEI UMA REEDUCAÇÃO ALIMENTAR